{
    "root_group": {
        "name": "",
        "path": "",
        "id": "d41d8cd98f00b204e9800998ecf8427e",
        "groups": {},
        "checks": {
                "status 200": {
                    "name": "status 200",
                    "path": "::status 200",
                    "id": "fad9fa412b86fcb03bee97c80dcd61f1",
                    "passes": 300,
                    "fails": 0
                },
                "bid accepted or outbid": {
                    "id": "b176b2c9f73377a1a9e039d1a8e40143",
                    "passes": 300,
                    "fails": 0,
                    "name": "bid accepted or outbid",
                    "path": "::bid accepted or outbid"
                }
            }
    },
    "metrics": {
        "data_received": {
            "count": 150276,
            "rate": 3337.4139716622067
        },
        "data_sent": {
            "rate": 2948.14228426505,
            "count": 132748
        },
        "http_req_failed": {
            "passes": 0,
            "fails": 301,
            "value": 0
        },
        "http_req_waiting": {
            "p(90)": 70.2029,
            "p(95)": 87.3514,
            "avg": 48.590545847176045,
            "min": 17.4038,
            "med": 44.0591,
            "max": 213.7309
        },
        "bid_errors": {
            "count": 0,
            "rate": 0,
            "thresholds": {
                "count<5": false
            }
        },
        "http_req_receiving": {
            "avg": 0.4857066445182722,
            "min": 0,
            "med": 0.5202,
            "max": 10.3225,
            "p(90)": 0.8589,
            "p(95)": 1.2188
        },
        "http_req_blocked": {
            "med": 0,
            "max": 13.2595,
            "p(90)": 0,
            "p(95)": 0,
            "avg": 0.058788039867109634,
            "min": 0
        },
        "http_reqs": {
            "count": 301,
            "rate": 6.6847773794240215
        },
        "iterations": {
            "count": 300,
            "rate": 6.6625688167016826
        },
        "vus_max": {
            "value": 1,
            "min": 1,
            "max": 1
        },
        "checks": {
            "passes": 600,
            "fails": 0,
            "value": 1
        },
        "iteration_duration": {
            "med": 145.04625,
            "max": 315.2531,
            "p(90)": 171.22091,
            "p(95)": 187.418275,
            "avg": 149.46512600000005,
            "min": 119.4287
        },
        "http_req_sending": {
            "p(90)": 0,
            "p(95)": 0,
            "avg": 0.0034794019933554812,
            "min": 0,
            "med": 0,
            "max": 0.541
        },
        "place_bid_latency": {
            "max": 214.0899,
            "p(90)": 70.54998000000002,
            "p(95)": 86.92168000000001,
            "avg": 48.669098666666656,
            "min": 17.9271,
            "med": 44.30635,
            "thresholds": {
                "p(95)<500": false
            }
        },
        "http_req_duration": {
            "avg": 49.079731893687686,
            "min": 17.9271,
            "med": 44.4583,
            "max": 214.0899,
            "p(90)": 70.8324,
            "p(95)": 87.8561
        },
        "http_req_duration{expected_response:true}": {
            "avg": 49.079731893687686,
            "min": 17.9271,
            "med": 44.4583,
            "max": 214.0899,
            "p(90)": 70.8324,
            "p(95)": 87.8561
        },
        "http_req_connecting": {
            "avg": 0.00905548172757475,
            "min": 0,
            "med": 0,
            "max": 1.1905,
            "p(90)": 0,
            "p(95)": 0
        },
        "http_req_tls_handshaking": {
            "avg": 0,
            "min": 0,
            "med": 0,
            "max": 0,
            "p(90)": 0,
            "p(95)": 0
        },
        "vus": {
            "value": 1,
            "min": 1,
            "max": 1
        }
    },
    "setup_data": {
        "token": "eyJhbGciOiJIUzM4NCJ9.eyJzdWIiOiI1Mjk5MzQyYS03N2ZiLTQxYjAtOWE4Ny1jMmQ4YjM2ZWRmZjkiLCJpYXQiOjE3NzkyNzAwMTQsImV4cCI6MTc3OTI3MDkxNH0.KA0AuAFU5Mz-6N97ZIUbJo1DJtC1uko58Qlbbb5yPUsqOuj5hSTe0EfTRcTWSCRJ"
    }
}