{
    "root_group": {
        "name": "",
        "path": "",
        "id": "d41d8cd98f00b204e9800998ecf8427e",
        "groups": {},
        "checks": {
                "status 200": {
                    "name": "status 200",
                    "path": "::status 200",
                    "id": "fad9fa412b86fcb03bee97c80dcd61f1",
                    "passes": 300,
                    "fails": 0
                },
                "bid accepted or outbid": {
                    "name": "bid accepted or outbid",
                    "path": "::bid accepted or outbid",
                    "id": "b176b2c9f73377a1a9e039d1a8e40143",
                    "passes": 300,
                    "fails": 0
                }
            }
    },
    "metrics": {
        "http_req_duration": {
            "min": 18.5051,
            "med": 99.0123,
            "max": 2398.9289,
            "p(90)": 300.7661,
            "p(95)": 392.6232,
            "avg": 149.93707873754158
        },
        "http_req_sending": {
            "avg": 0.28601661129568123,
            "min": 0,
            "med": 0.3647,
            "max": 3.2239,
            "p(90)": 0.5562,
            "p(95)": 0.6391
        },
        "http_req_failed": {
            "fails": 301,
            "passes": 0,
            "value": 0
        },
        "data_received": {
            "count": 125872,
            "rate": 1667.8539773278235
        },
        "iteration_duration": {
            "p(95)": 494.46686500000015,
            "avg": 250.96087000000006,
            "min": 118.7309,
            "med": 200.19155,
            "max": 2499.4429,
            "p(90)": 402.62009000000006
        },
        "vus_max": {
            "value": 1,
            "min": 1,
            "max": 1
        },
        "http_req_duration{expected_response:true}": {
            "min": 18.5051,
            "med": 99.0123,
            "max": 2398.9289,
            "p(90)": 300.7661,
            "p(95)": 392.6232,
            "avg": 149.93707873754158
        },
        "checks": {
            "passes": 600,
            "fails": 0,
            "value": 1
        },
        "place_bid_latency": {
            "max": 2398.9289,
            "p(90)": 301.1917200000001,
            "p(95)": 393.25998000000016,
            "avg": 150.0757180000001,
            "min": 18.5051,
            "med": 98.93745,
            "thresholds": {
                "p(95)<500": false
            }
        },
        "http_req_receiving": {
            "p(95)": 1.7594,
            "avg": 2.8977189368770766,
            "min": 0,
            "med": 0,
            "max": 537.0615,
            "p(90)": 1.0182
        },
        "iterations": {
            "rate": 3.9751191146430265,
            "count": 300
        },
        "http_req_connecting": {
            "avg": 0.06705813953488372,
            "min": 0,
            "med": 0,
            "max": 10.2032,
            "p(90)": 0,
            "p(95)": 0
        },
        "http_reqs": {
            "rate": 3.9883695116918365,
            "count": 301
        },
        "vus": {
            "value": 1,
            "min": 1,
            "max": 1
        },
        "http_req_blocked": {
            "p(90)": 0,
            "p(95)": 0,
            "avg": 0.3642840531561462,
            "min": 0,
            "med": 0,
            "max": 67.0463
        },
        "data_sent": {
            "count": 51321,
            "rate": 680.0236269419826
        },
        "bid_errors": {
            "count": 0,
            "rate": 0,
            "thresholds": {
                "count<5": false
            }
        },
        "http_req_waiting": {
            "med": 97.7541,
            "max": 2398.3851,
            "p(90)": 281.3479,
            "p(95)": 387.7578,
            "avg": 146.75334318936876,
            "min": 18.0915
        },
        "http_req_tls_handshaking": {
            "p(95)": 0,
            "avg": 0.25454352159468435,
            "min": 0,
            "med": 0,
            "max": 43.9957,
            "p(90)": 0
        }
    },
    "setup_data": {
        "token": "eyJhbGciOiJIUzUxMiJ9.eyJzdWIiOiJhYmNmNDNlMi04ZmE0LTQ0YWItYmUxNi1lODc4MDdmM2M2Y2YiLCJpYXQiOjE3NzkyOTE4ODEsImV4cCI6MTc3OTI5Mjc4MX0.lnEPFSRSwS79n6d5j0pHLXwKwAKUY3DW07naPSp5fTfEoKLf39O8zihUb2bWwpyNfSCwu3hSb_CF6gt1h2ZUMg"
    }
}