{
    "root_group": {
        "name": "",
        "path": "",
        "id": "d41d8cd98f00b204e9800998ecf8427e",
        "groups": {},
        "checks": {
                "status 200": {
                    "passes": 300,
                    "fails": 0,
                    "name": "status 200",
                    "path": "::status 200",
                    "id": "fad9fa412b86fcb03bee97c80dcd61f1"
                },
                "bid accepted or outbid": {
                    "id": "b176b2c9f73377a1a9e039d1a8e40143",
                    "passes": 300,
                    "fails": 0,
                    "name": "bid accepted or outbid",
                    "path": "::bid accepted or outbid"
                }
            }
    },
    "metrics": {
        "vus": {
            "value": 1,
            "min": 1,
            "max": 1
        },
        "checks": {
            "fails": 0,
            "passes": 600,
            "value": 1
        },
        "http_req_connecting": {
            "avg": 0.012780398671096345,
            "min": 0,
            "med": 0,
            "max": 1.3955,
            "p(90)": 0,
            "p(95)": 0
        },
        "http_req_sending": {
            "avg": 0.008088372093023256,
            "min": 0,
            "med": 0,
            "max": 0.6117,
            "p(90)": 0,
            "p(95)": 0
        },
        "iteration_duration": {
            "avg": 136.58192566666673,
            "min": 119.0797,
            "med": 132.5022,
            "max": 249.7638,
            "p(90)": 147.40579,
            "p(95)": 166.70328
        },
        "http_req_duration{expected_response:true}": {
            "min": 18.6903,
            "med": 31.7167,
            "max": 148.9743,
            "p(90)": 47.1068,
            "p(95)": 66.1804,
            "avg": 36.00318438538207
        },
        "http_req_receiving": {
            "p(95)": 0.7102,
            "avg": 0.28190465116279084,
            "min": 0,
            "med": 0,
            "max": 1.6205,
            "p(90)": 0.6095
        },
        "http_req_duration": {
            "p(95)": 66.1804,
            "avg": 36.00318438538207,
            "min": 18.6903,
            "med": 31.7167,
            "max": 148.9743,
            "p(90)": 47.1068
        },
        "http_req_tls_handshaking": {
            "med": 0,
            "max": 0,
            "p(90)": 0,
            "p(95)": 0,
            "avg": 0,
            "min": 0
        },
        "http_req_failed": {
            "passes": 0,
            "fails": 301,
            "value": 0
        },
        "vus_max": {
            "value": 1,
            "min": 1,
            "max": 1
        },
        "http_req_waiting": {
            "avg": 35.71319136212626,
            "min": 18.6903,
            "med": 31.391,
            "max": 148.5756,
            "p(90)": 46.7483,
            "p(95)": 66.1804
        },
        "iterations": {
            "count": 300,
            "rate": 7.304619560475344
        },
        "place_bid_latency": {
            "avg": 35.852756000000014,
            "min": 18.6903,
            "med": 31.69395,
            "max": 148.9743,
            "p(90)": 46.785320000000006,
            "p(95)": 66.08483000000001,
            "thresholds": {
                "p(95)<500": false
            }
        },
        "data_sent": {
            "rate": 3232.2454580466033,
            "count": 132748
        },
        "data_received": {
            "rate": 3920.7302003532727,
            "count": 161024
        },
        "bid_errors": {
            "count": 0,
            "rate": 0,
            "thresholds": {
                "count<5": false
            }
        },
        "http_req_blocked": {
            "p(90)": 0,
            "p(95)": 0,
            "avg": 0.04607109634551495,
            "min": 0,
            "med": 0,
            "max": 10.6281
        },
        "http_reqs": {
            "count": 301,
            "rate": 7.328968292343595
        }
    },
    "setup_data": {
        "token": "eyJhbGciOiJIUzM4NCJ9.eyJzdWIiOiIwZThiNDE4MS03MDExLTQyMWUtOTI4Ni1lMGM3MDZmMDAyYTUiLCJpYXQiOjE3NzkyOTExOTQsImV4cCI6MTc3OTI5MjA5NH0.XLbH0X0a1oHR3d9pC7oMorbpXbxlr0LZWT27oP_UAz6ZO7RtEfpoyq4uYM_PfEnq"
    }
}